{
	"credit": "Made with Blockbench",
	"textures": {
		"7": "block/cake_inner_side_2",
		"8": "block/cake_top_blank_bottom",
		"bottom": "block/cake_bottom",
		"particle": "block/cake_side",
		"side": "block/cake_side"
	},
	"elements": [
		{
			"from": [7, 0, 1],
			"to": [15, 7, 15],
			"faces": {
				"north": {"uv": [1, 9, 9, 16], "texture": "#side"},
				"east": {"uv": [1, 9, 15, 16], "texture": "#side"},
				"south": {"uv": [7, 9, 15, 16], "texture": "#side"},
				"west": {"uv": [1, 9, 15, 16], "texture": "#7"},
				"up": {"uv": [1, 7, 15, 15], "rotation": 270, "texture": "#8"},
				"down": {"uv": [1, 1, 15, 9], "rotation": 90, "texture": "#bottom", "cullface": "down"}
			}
		},
		{
			"from": [5, 0, 3.5],
			"to": [6, 0.5, 4.5],
			"faces": {
				"north": {"uv": [1, 15, 2, 16], "texture": "#7"},
				"east": {"uv": [1, 15, 2, 16], "texture": "#7"},
				"south": {"uv": [2, 15, 1, 16], "texture": "#7"},
				"west": {"uv": [1, 15, 2, 16], "texture": "#7"},
				"up": {"uv": [1, 15, 2, 16], "rotation": 270, "texture": "#7"},
				"down": {"uv": [1, 15, 2, 16], "rotation": 90, "texture": "#7", "cullface": "down"}
			}
		},
		{
			"from": [0, 0, 7],
			"to": [0.5, 0.25, 7.5],
			"rotation": {"angle": 22.5, "axis": "y", "origin": [0, 0, 0]},
			"faces": {
				"north": {"uv": [4, 14, 5, 15], "texture": "#7"},
				"east": {"uv": [4, 14, 5, 15], "texture": "#7"},
				"south": {"uv": [5, 14, 4, 15], "texture": "#7"},
				"west": {"uv": [4, 14, 5, 15], "texture": "#7"},
				"up": {"uv": [4, 15, 5, 14], "rotation": 270, "texture": "#7"},
				"down": {"uv": [4, 14, 5, 15], "rotation": 90, "texture": "#7", "cullface": "down"}
			}
		},
		{
			"from": [8, 0, 5],
			"to": [8.5, 0.25, 5.5],
			"rotation": {"angle": -45, "axis": "y", "origin": [0, 0, 0]},
			"faces": {
				"north": {"uv": [7, 14, 8, 15], "texture": "#7"},
				"east": {"uv": [7, 14, 8, 15], "texture": "#7"},
				"south": {"uv": [8, 14, 7, 15], "texture": "#7"},
				"west": {"uv": [7, 14, 8, 15], "texture": "#7"},
				"up": {"uv": [7, 15, 8, 14], "rotation": 270, "texture": "#7"},
				"down": {"uv": [7, 14, 8, 15], "rotation": 90, "texture": "#7", "cullface": "down"}
			}
		},
		{
			"from": [0, 0, 10.75],
			"to": [0.75, 0.5, 11.5],
			"rotation": {"angle": 22.5, "axis": "y", "origin": [0, 0, 0]},
			"faces": {
				"north": {"uv": [2, 14, 3, 15], "texture": "#7"},
				"east": {"uv": [2, 14, 3, 15], "texture": "#7"},
				"south": {"uv": [3, 14, 2, 15], "texture": "#7"},
				"west": {"uv": [2, 14, 3, 15], "texture": "#7"},
				"up": {"uv": [2, 15, 3, 14], "rotation": 270, "texture": "#7"},
				"down": {"uv": [2, 14, 3, 15], "rotation": 90, "texture": "#7", "cullface": "down"}
			}
		},
		{
			"from": [9, 0, 0.75],
			"to": [9.75, 0.5, 1.5],
			"rotation": {"angle": -45, "axis": "y", "origin": [0, 0, 0]},
			"faces": {
				"north": {"uv": [5, 15, 6, 16], "texture": "#7"},
				"east": {"uv": [5, 15, 6, 16], "texture": "#7"},
				"south": {"uv": [6, 15, 5, 16], "texture": "#7"},
				"west": {"uv": [5, 15, 6, 16], "texture": "#7"},
				"up": {"uv": [5, 16, 6, 15], "rotation": 270, "texture": "#7"},
				"down": {"uv": [5, 15, 6, 16], "rotation": 90, "texture": "#7", "cullface": "down"}
			}
		},
		{
			"from": [9.5, 0, 8.75],
			"to": [10.25, 0.75, 9.5],
			"rotation": {"angle": -22.5, "axis": "y", "origin": [0, 0, 0]},
			"faces": {
				"north": {"uv": [5, 15, 6, 16], "texture": "#7"},
				"east": {"uv": [5, 15, 6, 16], "texture": "#7"},
				"south": {"uv": [5, 15, 6, 16], "texture": "#7"},
				"west": {"uv": [6, 15, 5, 16], "texture": "#7"},
				"up": {"uv": [5, 16, 6, 15], "texture": "#7"},
				"down": {"uv": [5, 15, 6, 16], "texture": "#7", "cullface": "down"}
			}
		}
	],
	"groups": [
		0,
		1,
		2,
		3,
		4,
		5,
		6,
		{
			"name": "cake_slice4",
			"origin": [8, 8, 8],
			"color": 0,
			"children": [
				{
					"name": "cake_slice5",
					"origin": [8, 8, 8],
					"color": 0,
					"children": []
				}
			]
		}
	]
}