{
	"credit": "Made with Blockbench",
	"textures": {
		"bottom": "block/cake_bottom",
		"top": "block/cake_top",
		"particle": "block/cake_side",
		"side": "block/cake_side"
	},
	"elements": [
		{
			"from": [1, 0, 1],
			"to": [15, 6, 15],
			"faces": {
				"north": {"uv": [1, 9, 15, 15], "texture": "#side"},
				"east": {"uv": [1, 9, 15, 15], "texture": "#side"},
				"south": {"uv": [1, 9, 15, 15], "texture": "#side"},
				"west": {"uv": [1, 9, 15, 15], "texture": "#side"},
				"up": {"uv": [1, 1, 15, 15], "rotation": 270, "texture": "#top"},
				"down": {"uv": [1, 1, 15, 15], "rotation": 90, "texture": "#bottom", "cullface": "down"}
			}
		},
		{
			"from": [3, 6, 3],
			"to": [13, 10, 13],
			"faces": {
				"north": {"uv": [2, 1, 6, 11], "rotation": 90, "texture": "#top"},
				"east": {"uv": [1, 2, 11, 6], "texture": "#top"},
				"south": {"uv": [3, 2, 13, 6], "texture": "#top"},
				"west": {"uv": [10, 1, 14, 11], "rotation": 90, "texture": "#top"},
				"up": {"uv": [2, 4, 12, 14], "rotation": 270, "texture": "#top"},
				"down": {"uv": [1, 1, 15, 15], "rotation": 90, "texture": "#top", "cullface": "down"}
			}
		},
		{
			"from": [5, 10, 5],
			"to": [11, 13, 11],
			"faces": {
				"north": {"uv": [5, 1, 11, 4], "texture": "#top"},
				"east": {"uv": [1, 5, 4, 11], "rotation": 90, "texture": "#top"},
				"south": {"uv": [12, 2, 15, 8], "rotation": 90, "texture": "#top"},
				"west": {"uv": [9, 1, 15, 4], "texture": "#top"},
				"up": {"uv": [5, 10, 10, 15], "rotation": 90, "texture": "#top"},
				"down": {"uv": [1, 1, 15, 15], "rotation": 270, "texture": "#top", "cullface": "down"}
			}
		},
		{
			"from": [7.25, 13, 7.25],
			"to": [8.75, 14.5, 8.75],
			"faces": {
				"north": {"uv": [7, 7, 9, 9], "texture": "#top"},
				"east": {"uv": [7, 7, 9, 9], "texture": "#top"},
				"south": {"uv": [8, 7, 10, 9], "texture": "#top"},
				"west": {"uv": [7, 7, 9, 9], "texture": "#top"},
				"up": {"uv": [7, 7, 9, 9], "rotation": 270, "texture": "#top"},
				"down": {"uv": [1, 1, 15, 15], "rotation": 90, "texture": "#top", "cullface": "down"}
			}
		}
	],
	"groups": [
		0,
		1,
		2,
		3,
		{
			"name": "cake_slice4",
			"origin": [8, 8, 8],
			"color": 0,
			"children": [
				{
					"name": "cake_slice5",
					"origin": [8, 8, 8],
					"color": 0,
					"children": []
				}
			]
		}
	]
}