{
	"credit": "Made with Blockbench",
	"textures": {
		"3": "block/cake_top1_dots",
		"4": "block/cake_side2",
		"5": "block/cake_top_notblank",
		"bottom": "block/cake_bottom",
		"particle": "block/cake_side",
		"side": "block/cake_side"
	},
	"elements": [
		{
			"from": [1, 0, 1],
			"to": [15, 7, 15],
			"faces": {
				"north": {"uv": [1, 9, 15, 16], "texture": "#side"},
				"east": {"uv": [1, 9, 15, 16], "texture": "#side"},
				"south": {"uv": [1, 9, 15, 16], "texture": "#side"},
				"west": {"uv": [1, 9, 15, 16], "texture": "#side"},
				"up": {"uv": [1, 1, 15, 15], "rotation": 270, "texture": "#5"},
				"down": {"uv": [1, 1, 15, 15], "rotation": 90, "texture": "#bottom", "cullface": "down"}
			}
		},
		{
			"from": [3, 7, 3],
			"to": [13, 11, 13],
			"faces": {
				"north": {"uv": [6, 12, 16, 16], "texture": "#4"},
				"east": {"uv": [6, 0, 16, 4], "texture": "#4"},
				"south": {"uv": [6, 4, 16, 8], "texture": "#4"},
				"west": {"uv": [6, 8, 16, 12], "texture": "#4"},
				"up": {"uv": [3, 3, 13, 13], "rotation": 270, "texture": "#5"},
				"down": {"uv": [1, 1, 15, 15], "rotation": 90, "texture": "#bottom", "cullface": "down"}
			}
		},
		{
			"from": [5, 11, 5],
			"to": [11, 14, 11],
			"faces": {
				"north": {"uv": [0, 9, 6, 12], "texture": "#4"},
				"east": {"uv": [0, 3, 6, 6], "texture": "#4"},
				"south": {"uv": [0, 0, 6, 3], "texture": "#4"},
				"west": {"uv": [0, 6, 6, 9], "texture": "#4"},
				"up": {"uv": [5, 5, 11, 11], "rotation": 90, "texture": "#3"},
				"down": {"uv": [5, 5, 11, 11], "rotation": 270, "texture": "#bottom", "cullface": "down"}
			}
		},
		{
			"from": [7, 14, 7],
			"to": [9, 15.75, 9],
			"faces": {
				"north": {"uv": [0, 12, 2, 14], "texture": "#4"},
				"east": {"uv": [0, 14, 2, 16], "texture": "#4"},
				"south": {"uv": [2, 14, 4, 16], "texture": "#4"},
				"west": {"uv": [2, 12, 4, 14], "texture": "#4"},
				"up": {"uv": [4, 12, 6, 14], "rotation": 270, "texture": "#4"},
				"down": {"uv": [4, 14, 6, 16], "rotation": 90, "texture": "#4", "cullface": "down"}
			}
		},
		{
			"from": [3.25, 10.75, 7.5],
			"to": [4.25, 11.75, 8.5],
			"rotation": {"angle": 0, "axis": "y", "origin": [0, 0.25, 0]},
			"faces": {
				"north": {"uv": [0, 12, 1, 13], "texture": "#4"},
				"east": {"uv": [0, 14, 1, 15], "texture": "#4"},
				"south": {"uv": [2, 14, 3, 15], "texture": "#4"},
				"west": {"uv": [2, 12, 3, 13], "texture": "#4"},
				"up": {"uv": [4, 12, 5, 13], "rotation": 270, "texture": "#4"},
				"down": {"uv": [4, 14, 5, 15], "rotation": 90, "texture": "#4", "cullface": "down"}
			}
		},
		{
			"from": [7.5, 10.75, 11.75],
			"to": [8.5, 11.75, 12.75],
			"rotation": {"angle": 0, "axis": "y", "origin": [0, 0.25, 0]},
			"faces": {
				"north": {"uv": [0, 12, 1, 13], "texture": "#4"},
				"east": {"uv": [0, 14, 1, 15], "texture": "#4"},
				"south": {"uv": [2, 14, 3, 15], "texture": "#4"},
				"west": {"uv": [2, 12, 3, 13], "texture": "#4"},
				"up": {"uv": [4, 12, 5, 13], "rotation": 270, "texture": "#4"},
				"down": {"uv": [4, 14, 5, 15], "rotation": 90, "texture": "#4", "cullface": "down"}
			}
		},
		{
			"from": [7.5, 10.75, 3.25],
			"to": [8.5, 11.75, 4.25],
			"rotation": {"angle": 0, "axis": "y", "origin": [0, 0.25, 0]},
			"faces": {
				"north": {"uv": [0, 12, 1, 13], "texture": "#4"},
				"east": {"uv": [0, 14, 1, 15], "texture": "#4"},
				"south": {"uv": [2, 14, 3, 15], "texture": "#4"},
				"west": {"uv": [2, 12, 3, 13], "texture": "#4"},
				"up": {"uv": [4, 12, 5, 13], "rotation": 270, "texture": "#4"},
				"down": {"uv": [4, 14, 5, 15], "rotation": 90, "texture": "#4", "cullface": "down"}
			}
		},
		{
			"from": [11.75, 10.75, 7.5],
			"to": [12.75, 11.75, 8.5],
			"rotation": {"angle": 0, "axis": "y", "origin": [0, 0.25, 0]},
			"faces": {
				"north": {"uv": [0, 12, 1, 13], "texture": "#4"},
				"east": {"uv": [0, 14, 1, 15], "texture": "#4"},
				"south": {"uv": [2, 14, 3, 15], "texture": "#4"},
				"west": {"uv": [2, 12, 3, 13], "texture": "#4"},
				"up": {"uv": [4, 12, 5, 13], "rotation": 270, "texture": "#4"},
				"down": {"uv": [4, 14, 5, 15], "rotation": 90, "texture": "#4", "cullface": "down"}
			}
		},
		{
			"from": [7.5, 6.75, 7],
			"to": [8.5, 7.75, 8],
			"rotation": {"angle": -22.5, "axis": "y", "origin": [-10, -3.5, 0]},
			"faces": {
				"north": {"uv": [0, 12, 1, 13], "texture": "#4"},
				"east": {"uv": [0, 14, 1, 15], "texture": "#4"},
				"south": {"uv": [2, 14, 3, 15], "texture": "#4"},
				"west": {"uv": [2, 12, 3, 13], "texture": "#4"},
				"up": {"uv": [4, 12, 5, 13], "rotation": 270, "texture": "#4"},
				"down": {"uv": [4, 14, 5, 15], "rotation": 90, "texture": "#4", "cullface": "down"}
			}
		},
		{
			"from": [6, 6.75, 1.25],
			"to": [7, 7.75, 2.25],
			"rotation": {"angle": 0, "axis": "y", "origin": [-10, -3.5, 0]},
			"faces": {
				"north": {"uv": [0, 12, 1, 13], "texture": "#4"},
				"east": {"uv": [0, 14, 1, 15], "texture": "#4"},
				"south": {"uv": [2, 14, 3, 15], "texture": "#4"},
				"west": {"uv": [2, 12, 3, 13], "texture": "#4"},
				"up": {"uv": [4, 12, 5, 13], "rotation": 270, "texture": "#4"},
				"down": {"uv": [4, 14, 5, 15], "rotation": 90, "texture": "#4", "cullface": "down"}
			}
		},
		{
			"from": [9, 6.75, 1.25],
			"to": [10, 7.75, 2.25],
			"rotation": {"angle": 0, "axis": "y", "origin": [-10, -3.5, 0]},
			"faces": {
				"north": {"uv": [0, 12, 1, 13], "texture": "#4"},
				"east": {"uv": [0, 14, 1, 15], "texture": "#4"},
				"south": {"uv": [2, 14, 3, 15], "texture": "#4"},
				"west": {"uv": [2, 12, 3, 13], "texture": "#4"},
				"up": {"uv": [4, 12, 5, 13], "rotation": 270, "texture": "#4"},
				"down": {"uv": [4, 14, 5, 15], "rotation": 90, "texture": "#4", "cullface": "down"}
			}
		},
		{
			"from": [11, 6.75, -7],
			"to": [12, 7.75, -6],
			"rotation": {"angle": -22.5, "axis": "y", "origin": [-10, -3.5, 0]},
			"faces": {
				"north": {"uv": [0, 12, 1, 13], "texture": "#4"},
				"east": {"uv": [0, 14, 1, 15], "texture": "#4"},
				"south": {"uv": [2, 14, 3, 15], "texture": "#4"},
				"west": {"uv": [2, 12, 3, 13], "texture": "#4"},
				"up": {"uv": [4, 12, 5, 13], "rotation": 270, "texture": "#4"},
				"down": {"uv": [4, 14, 5, 15], "rotation": 90, "texture": "#4", "cullface": "down"}
			}
		},
		{
			"from": [10, 6.75, 12],
			"to": [11, 7.75, 13],
			"rotation": {"angle": 22.5, "axis": "y", "origin": [-10, -3.5, 0]},
			"faces": {
				"north": {"uv": [2, 12, 3, 13], "texture": "#4"},
				"east": {"uv": [0, 12, 1, 13], "texture": "#4"},
				"south": {"uv": [0, 14, 1, 15], "texture": "#4"},
				"west": {"uv": [2, 14, 3, 15], "texture": "#4"},
				"up": {"uv": [4, 12, 5, 13], "texture": "#4"},
				"down": {"uv": [4, 14, 5, 15], "texture": "#4", "cullface": "down"}
			}
		},
		{
			"from": [9.25, 10.75, -5.25],
			"to": [10.25, 11.75, -4.25],
			"rotation": {"angle": -22.5, "axis": "y", "origin": [-11.75, 0.5, 1.75]},
			"faces": {
				"north": {"uv": [0, 12, 1, 13], "texture": "#4"},
				"east": {"uv": [0, 14, 1, 15], "texture": "#4"},
				"south": {"uv": [2, 14, 3, 15], "texture": "#4"},
				"west": {"uv": [2, 12, 3, 13], "texture": "#4"},
				"up": {"uv": [4, 12, 5, 13], "rotation": 270, "texture": "#4"},
				"down": {"uv": [4, 14, 5, 15], "rotation": 90, "texture": "#4", "cullface": "down"}
			}
		},
		{
			"from": [8.25, 10.75, 13.75],
			"to": [9.25, 11.75, 14.75],
			"rotation": {"angle": 22.5, "axis": "y", "origin": [-11.75, 0.5, 1.75]},
			"faces": {
				"north": {"uv": [2, 12, 3, 13], "texture": "#4"},
				"east": {"uv": [0, 12, 1, 13], "texture": "#4"},
				"south": {"uv": [0, 14, 1, 15], "texture": "#4"},
				"west": {"uv": [2, 14, 3, 15], "texture": "#4"},
				"up": {"uv": [4, 12, 5, 13], "texture": "#4"},
				"down": {"uv": [4, 14, 5, 15], "texture": "#4", "cullface": "down"}
			}
		},
		{
			"from": [1.25, 6.75, 9],
			"to": [2.25, 7.75, 10],
			"rotation": {"angle": 0, "axis": "y", "origin": [-10, -3.5, 0]},
			"faces": {
				"north": {"uv": [0, 14, 1, 15], "texture": "#4"},
				"east": {"uv": [2, 14, 3, 15], "texture": "#4"},
				"south": {"uv": [2, 12, 3, 13], "texture": "#4"},
				"west": {"uv": [0, 12, 1, 13], "texture": "#4"},
				"up": {"uv": [4, 12, 5, 13], "rotation": 180, "texture": "#4"},
				"down": {"uv": [4, 14, 5, 15], "rotation": 180, "texture": "#4", "cullface": "down"}
			}
		},
		{
			"from": [1.25, 6.75, 6],
			"to": [2.25, 7.75, 7],
			"rotation": {"angle": 0, "axis": "y", "origin": [-10, -3.5, 0]},
			"faces": {
				"north": {"uv": [0, 14, 1, 15], "texture": "#4"},
				"east": {"uv": [2, 14, 3, 15], "texture": "#4"},
				"south": {"uv": [2, 12, 3, 13], "texture": "#4"},
				"west": {"uv": [0, 12, 1, 13], "texture": "#4"},
				"up": {"uv": [4, 12, 5, 13], "rotation": 180, "texture": "#4"},
				"down": {"uv": [4, 14, 5, 15], "rotation": 180, "texture": "#4", "cullface": "down"}
			}
		},
		{
			"from": [2.25, 6.75, -1.75],
			"to": [3.25, 7.75, -0.75],
			"rotation": {"angle": -22.5, "axis": "y", "origin": [-10, -3.5, 0]},
			"faces": {
				"north": {"uv": [0, 14, 1, 15], "texture": "#4"},
				"east": {"uv": [2, 14, 3, 15], "texture": "#4"},
				"south": {"uv": [2, 12, 3, 13], "texture": "#4"},
				"west": {"uv": [0, 12, 1, 13], "texture": "#4"},
				"up": {"uv": [4, 12, 5, 13], "rotation": 180, "texture": "#4"},
				"down": {"uv": [4, 14, 5, 15], "rotation": 180, "texture": "#4", "cullface": "down"}
			}
		},
		{
			"from": [1.25, 6.75, 6.75],
			"to": [2.25, 7.75, 7.75],
			"rotation": {"angle": 22.5, "axis": "y", "origin": [-10, -3.5, 0]},
			"faces": {
				"north": {"uv": [0, 12, 1, 13], "texture": "#4"},
				"east": {"uv": [0, 14, 1, 15], "texture": "#4"},
				"south": {"uv": [2, 14, 3, 15], "texture": "#4"},
				"west": {"uv": [2, 12, 3, 13], "texture": "#4"},
				"up": {"uv": [4, 12, 5, 13], "rotation": 270, "texture": "#4"},
				"down": {"uv": [4, 14, 5, 15], "rotation": 90, "texture": "#4", "cullface": "down"}
			}
		},
		{
			"from": [3.25, 10.75, 8.5],
			"to": [4.25, 11.75, 9.5],
			"rotation": {"angle": 22.5, "axis": "y", "origin": [-8, 0.5, 2]},
			"faces": {
				"north": {"uv": [0, 12, 1, 13], "texture": "#4"},
				"east": {"uv": [0, 14, 1, 15], "texture": "#4"},
				"south": {"uv": [2, 14, 3, 15], "texture": "#4"},
				"west": {"uv": [2, 12, 3, 13], "texture": "#4"},
				"up": {"uv": [4, 12, 5, 13], "rotation": 270, "texture": "#4"},
				"down": {"uv": [4, 14, 5, 15], "rotation": 90, "texture": "#4", "cullface": "down"}
			}
		},
		{
			"from": [4, 10.75, 0.25],
			"to": [5, 11.75, 1.25],
			"rotation": {"angle": -22.5, "axis": "y", "origin": [-8, 0.5, 2]},
			"faces": {
				"north": {"uv": [0, 14, 1, 15], "texture": "#4"},
				"east": {"uv": [2, 14, 3, 15], "texture": "#4"},
				"south": {"uv": [2, 12, 3, 13], "texture": "#4"},
				"west": {"uv": [0, 12, 1, 13], "texture": "#4"},
				"up": {"uv": [4, 12, 5, 13], "rotation": 180, "texture": "#4"},
				"down": {"uv": [4, 14, 5, 15], "rotation": 180, "texture": "#4", "cullface": "down"}
			}
		},
		{
			"from": [13.75, 6.75, 9],
			"to": [14.75, 7.75, 10],
			"rotation": {"angle": 0, "axis": "y", "origin": [-10, -3.5, 0]},
			"faces": {
				"north": {"uv": [0, 14, 1, 15], "texture": "#4"},
				"east": {"uv": [2, 14, 3, 15], "texture": "#4"},
				"south": {"uv": [2, 12, 3, 13], "texture": "#4"},
				"west": {"uv": [0, 12, 1, 13], "texture": "#4"},
				"up": {"uv": [4, 12, 5, 13], "rotation": 180, "texture": "#4"},
				"down": {"uv": [4, 14, 5, 15], "rotation": 180, "texture": "#4", "cullface": "down"}
			}
		},
		{
			"from": [13.75, 6.75, 6],
			"to": [14.75, 7.75, 7],
			"rotation": {"angle": 0, "axis": "y", "origin": [-10, -3.5, 0]},
			"faces": {
				"north": {"uv": [0, 14, 1, 15], "texture": "#4"},
				"east": {"uv": [2, 14, 3, 15], "texture": "#4"},
				"south": {"uv": [2, 12, 3, 13], "texture": "#4"},
				"west": {"uv": [0, 12, 1, 13], "texture": "#4"},
				"up": {"uv": [4, 12, 5, 13], "rotation": 180, "texture": "#4"},
				"down": {"uv": [4, 14, 5, 15], "rotation": 180, "texture": "#4", "cullface": "down"}
			}
		},
		{
			"from": [-4, 6.75, 15.5],
			"to": [-3, 7.75, 16.5],
			"rotation": {"angle": 22.5, "axis": "y", "origin": [-10, -3.5, 0]},
			"faces": {
				"north": {"uv": [0, 12, 1, 13], "texture": "#4"},
				"east": {"uv": [0, 14, 1, 15], "texture": "#4"},
				"south": {"uv": [2, 14, 3, 15], "texture": "#4"},
				"west": {"uv": [2, 12, 3, 13], "texture": "#4"},
				"up": {"uv": [4, 12, 5, 13], "rotation": 270, "texture": "#4"},
				"down": {"uv": [4, 14, 5, 15], "rotation": 90, "texture": "#4", "cullface": "down"}
			}
		},
		{
			"from": [-2, 10.75, 13.5],
			"to": [-1, 11.75, 14.5],
			"rotation": {"angle": 22.5, "axis": "y", "origin": [-8, 0.5, -2]},
			"faces": {
				"north": {"uv": [0, 12, 1, 13], "texture": "#4"},
				"east": {"uv": [0, 14, 1, 15], "texture": "#4"},
				"south": {"uv": [2, 14, 3, 15], "texture": "#4"},
				"west": {"uv": [2, 12, 3, 13], "texture": "#4"},
				"up": {"uv": [4, 12, 5, 13], "rotation": 270, "texture": "#4"},
				"down": {"uv": [4, 14, 5, 15], "rotation": 90, "texture": "#4", "cullface": "down"}
			}
		},
		{
			"from": [9.5, 10.75, 5],
			"to": [10.5, 11.75, 6],
			"rotation": {"angle": -22.5, "axis": "y", "origin": [-8, 0.5, -2]},
			"faces": {
				"north": {"uv": [0, 12, 1, 13], "texture": "#4"},
				"east": {"uv": [0, 14, 1, 15], "texture": "#4"},
				"south": {"uv": [2, 14, 3, 15], "texture": "#4"},
				"west": {"uv": [2, 12, 3, 13], "texture": "#4"},
				"up": {"uv": [4, 12, 5, 13], "rotation": 270, "texture": "#4"},
				"down": {"uv": [4, 14, 5, 15], "rotation": 90, "texture": "#4", "cullface": "down"}
			}
		},
		{
			"from": [8.5, 6.75, 5.25],
			"to": [9.5, 7.75, 6.25],
			"rotation": {"angle": -22.5, "axis": "y", "origin": [-5, -3.5, 21]},
			"faces": {
				"north": {"uv": [0, 14, 1, 15], "texture": "#4"},
				"east": {"uv": [2, 14, 3, 15], "texture": "#4"},
				"south": {"uv": [2, 12, 3, 13], "texture": "#4"},
				"west": {"uv": [0, 12, 1, 13], "texture": "#4"},
				"up": {"uv": [4, 12, 5, 13], "rotation": 180, "texture": "#4"},
				"down": {"uv": [4, 14, 5, 15], "rotation": 180, "texture": "#4", "cullface": "down"}
			}
		},
		{
			"from": [13.25, 6.75, 20.5],
			"to": [14.25, 7.75, 21.5],
			"rotation": {"angle": 22.5, "axis": "y", "origin": [-5, -3.5, 21]},
			"faces": {
				"north": {"uv": [0, 14, 1, 15], "texture": "#4"},
				"east": {"uv": [2, 14, 3, 15], "texture": "#4"},
				"south": {"uv": [2, 12, 3, 13], "texture": "#4"},
				"west": {"uv": [0, 12, 1, 13], "texture": "#4"},
				"up": {"uv": [4, 12, 5, 13], "rotation": 180, "texture": "#4"},
				"down": {"uv": [4, 14, 5, 15], "rotation": 180, "texture": "#4", "cullface": "down"}
			}
		},
		{
			"from": [11.25, 10.75, 18.5],
			"to": [12.25, 11.75, 19.5],
			"rotation": {"angle": 22.5, "axis": "y", "origin": [-7, 0.5, 19]},
			"faces": {
				"north": {"uv": [0, 14, 1, 15], "texture": "#4"},
				"east": {"uv": [2, 14, 3, 15], "texture": "#4"},
				"south": {"uv": [2, 12, 3, 13], "texture": "#4"},
				"west": {"uv": [0, 12, 1, 13], "texture": "#4"},
				"up": {"uv": [4, 12, 5, 13], "rotation": 180, "texture": "#4"},
				"down": {"uv": [4, 14, 5, 15], "rotation": 180, "texture": "#4", "cullface": "down"}
			}
		},
		{
			"from": [6.5, 10.75, 3.25],
			"to": [7.5, 11.75, 4.25],
			"rotation": {"angle": -22.5, "axis": "y", "origin": [-7, 0.5, 19]},
			"faces": {
				"north": {"uv": [0, 14, 1, 15], "texture": "#4"},
				"east": {"uv": [2, 14, 3, 15], "texture": "#4"},
				"south": {"uv": [2, 12, 3, 13], "texture": "#4"},
				"west": {"uv": [0, 12, 1, 13], "texture": "#4"},
				"up": {"uv": [4, 12, 5, 13], "rotation": 180, "texture": "#4"},
				"down": {"uv": [4, 14, 5, 15], "rotation": 180, "texture": "#4", "cullface": "down"}
			}
		},
		{
			"from": [6, 6.75, 13.75],
			"to": [7, 7.75, 14.75],
			"rotation": {"angle": 0, "axis": "y", "origin": [-10, -3.5, 0]},
			"faces": {
				"north": {"uv": [0, 12, 1, 13], "texture": "#4"},
				"east": {"uv": [0, 14, 1, 15], "texture": "#4"},
				"south": {"uv": [2, 14, 3, 15], "texture": "#4"},
				"west": {"uv": [2, 12, 3, 13], "texture": "#4"},
				"up": {"uv": [4, 12, 5, 13], "rotation": 270, "texture": "#4"},
				"down": {"uv": [4, 14, 5, 15], "rotation": 90, "texture": "#4", "cullface": "down"}
			}
		},
		{
			"from": [9, 6.75, 13.75],
			"to": [10, 7.75, 14.75],
			"rotation": {"angle": 0, "axis": "y", "origin": [-10, -3.5, 0]},
			"faces": {
				"north": {"uv": [0, 12, 1, 13], "texture": "#4"},
				"east": {"uv": [0, 14, 1, 15], "texture": "#4"},
				"south": {"uv": [2, 14, 3, 15], "texture": "#4"},
				"west": {"uv": [2, 12, 3, 13], "texture": "#4"},
				"up": {"uv": [4, 12, 5, 13], "rotation": 270, "texture": "#4"},
				"down": {"uv": [4, 14, 5, 15], "rotation": 90, "texture": "#4", "cullface": "down"}
			}
		}
	],
	"groups": [
		0,
		1,
		2,
		3,
		4,
		5,
		6,
		7,
		8,
		9,
		10,
		11,
		12,
		13,
		14,
		15,
		16,
		17,
		18,
		19,
		20,
		21,
		22,
		23,
		24,
		25,
		26,
		27,
		28,
		29,
		30,
		31,
		{
			"name": "cake_slice4",
			"origin": [8, 8, 8],
			"color": 0,
			"children": [
				{
					"name": "cake_slice5",
					"origin": [8, 8, 8],
					"color": 0,
					"children": []
				}
			]
		}
	]
}