{
	"credit": "Made with Blockbench",
	"textures": {
		"5": "block/cake_top3",
		"6": "block/cake_inner4",
		"8": "block/cake_inner2-1",
		"bottom": "block/cake_bottom",
		"top": "block/cake_top",
		"particle": "block/cake_side",
		"side": "block/cake_side"
	},
	"elements": [
		{
			"from": [7, 7, 3],
			"to": [13, 11, 13],
			"faces": {
				"north": {"uv": [2, 5, 6, 11], "rotation": 90, "texture": "#top"},
				"east": {"uv": [1, 1, 15, 6], "texture": "#top"},
				"south": {"uv": [7, 1, 13, 5], "texture": "#top"},
				"west": {"uv": [4, 8, 14, 12], "texture": "#8"},
				"up": {"uv": [2, 8, 12, 14], "rotation": 270, "texture": "#5"},
				"down": {"uv": [1, 1, 15, 15], "rotation": 90, "texture": "#top", "cullface": "down"}
			}
		},
		{
			"from": [1, 0, 1],
			"to": [15, 7, 15],
			"faces": {
				"north": {"uv": [1, 8, 15, 16], "texture": "#side"},
				"east": {"uv": [1, 8, 15, 16], "texture": "#side"},
				"south": {"uv": [1, 8, 15, 16], "texture": "#side"},
				"west": {"uv": [1, 8, 15, 16], "texture": "#side"},
				"up": {"uv": [1, 1, 15, 15], "rotation": 270, "texture": "#6"},
				"down": {"uv": [1, 1, 15, 15], "rotation": 90, "texture": "#bottom", "cullface": "down"}
			}
		}
	],
	"groups": [
		0,
		{
			"name": "cake_slice4",
			"origin": [8, 8, 8],
			"color": 0,
			"children": [
				1,
				{
					"name": "cake_slice5",
					"origin": [8, 8, 8],
					"color": 0,
					"children": []
				}
			]
		}
	]
}