{
	"credit": "Made with Blockbench",
	"textures": {
		"3": "block/cake_top2",
		"4": "block/cake_top3",
		"bottom": "block/cake_bottom",
		"top": "block/cake_top",
		"particle": "block/cake_side",
		"side": "block/cake_side"
	},
	"elements": [
		{
			"from": [3, 7, 3],
			"to": [13, 11, 13],
			"faces": {
				"north": {"uv": [2, 1, 6, 11], "rotation": 90, "texture": "#top"},
				"east": {"uv": [1, 1, 15, 6], "texture": "#top"},
				"south": {"uv": [3, 1, 13, 5], "texture": "#top"},
				"west": {"uv": [10, 1, 14, 11], "rotation": 90, "texture": "#top"},
				"up": {"uv": [2, 4, 12, 14], "rotation": 270, "texture": "#4"},
				"down": {"uv": [1, 1, 15, 15], "rotation": 90, "texture": "#top", "cullface": "down"}
			}
		},
		{
			"from": [1, 0, 1],
			"to": [15, 7, 15],
			"faces": {
				"north": {"uv": [1, 8, 15, 16], "texture": "#side"},
				"east": {"uv": [1, 8, 15, 16], "texture": "#side"},
				"south": {"uv": [1, 8, 15, 16], "texture": "#side"},
				"west": {"uv": [1, 8, 15, 16], "texture": "#side"},
				"up": {"uv": [1, 1, 15, 15], "rotation": 270, "texture": "#3"},
				"down": {"uv": [1, 1, 15, 15], "rotation": 90, "texture": "#bottom", "cullface": "down"}
			}
		}
	],
	"groups": [0,
		{
			"name": "cake_slice4",
			"origin": [8, 8, 8],
			"children": [1,
				{
					"name": "cake_slice5",
					"origin": [8, 8, 8],
					"children": []
				}
			]
		}
	]
}